id,name_vi,name_en
bamboo_fiber,Sợi Tre,Bamboo Fiber
slime_gel,Gel Nhầy,Slime Gel
river_stone,Đá Suối,River Stone
mist_pearl,Ngọc Sương,Mist Pearl
reed_resin,Nhựa Sậy,Reed Resin
ancient_moss,Rêu Cổ,Ancient Moss
echo_shard,Mảnh Vọng Âm,Echo Shard
shrine_clay,Đất Đền,Shrine Clay
spirit_thread,Chỉ Linh,Spirit Thread
ember_ore,Quặng Hồng Than,Ember Ore
cinder_scale,Vảy Tro,Cinder Scale
basalt_chip,Mảnh Huyền Vũ,Basalt Chip
moon_dew,Sương Trăng,Moon Dew
sunleaf,Lá Nhật Quang,Sunleaf
tempered_dust,Bụi Tôi Luyện,Tempered Dust
