dungeon_id,wave_index,enemy_ids,boss_id
bamboo_grove,1,reedling|mudhopper,
bamboo_grove,2,reedling|dew_sprite,
bamboo_grove,3,mudhopper|dew_sprite,
bamboo_grove,4,reedling|mudhopper|dew_sprite,
bamboo_grove,5,dew_sprite|mudhopper|dew_sprite,
bamboo_grove,6,,thornhide_boar
misty_riverbank,1,mist_crab|river_wisp,
misty_riverbank,2,river_wisp|shellback,
misty_riverbank,3,mist_crab|shellback,
misty_riverbank,4,mist_crab|river_wisp|shellback,
misty_riverbank,5,river_wisp|river_wisp|shellback,
misty_riverbank,6,,fogjaw_tortoise
sunken_shrine,1,shrine_sentinel|echo_moth,
sunken_shrine,2,echo_moth|moss_golem,
sunken_shrine,3,shrine_sentinel|moss_golem,
sunken_shrine,4,shrine_sentinel|echo_moth|moss_golem,
sunken_shrine,5,echo_moth|echo_moth|moss_golem,
sunken_shrine,6,,bellkeeper_colossus
ember_ridge,1,ember_hound|cinder_wing,
ember_ridge,2,cinder_wing|basalt_turtle,
ember_ridge,3,ember_hound|basalt_turtle,
ember_ridge,4,ember_hound|cinder_wing|basalt_turtle,
ember_ridge,5,cinder_wing|cinder_wing|basalt_turtle,
ember_ridge,6,,cinderhorn_ram
